XX,YY
1.0,0.0
0.84125353283118121,0.54064081745559756
0.41541501300188644,0.90963199535451833
-0.142314838273285,0.9898214418809328
-0.65486073394528499,0.75574957435425838
-0.95949297361449737,0.28173255684142962
-0.95949297361449748,-0.28173255684142945
-0.65486073394528521,-0.75574957435425816
-0.14231483827328525,-0.98982144188093268
0.41541501300188605,-0.90963199535451855
0.84125353283118121,-0.54064081745559744
