XX,YY
0.90000000000000002,0.0
0.27811529493745274,0.85595086466563819
-0.72811529493745264,0.52900672706322593
-0.72811529493745275,-0.52900672706322571
0.27811529493745252,-0.8559508646656383
