XX,YY
0.0,0.0
0.27728012208388225,0.27728012208388225
-0.02147498033785139,-0.02147498033785139
-0.28216747837721345,-0.28216747837721345
-0.52727926293232419,-0.52727926293232419
-0.41458488406204519,-0.41458488406204519
-0.44243009068530204,-0.44243009068530204
