XX,YY
0.0,0.0
0.12476338214945509,0.085213170623647666
0.33723220082316607,0.29700788512662513
0.35189662428895352,-0.0026334916630566529
