XX,YY
0.0,0.0
-0.019684720987948757,-0.019684720987948757
-1.633018303863853,-1.633018303863853
-1.5262415896353276,-1.5262415896353276
-1.5671307219402688,-1.5671307219402688
