XX,YY
0.0,0.0
0.22612999712903653,-0.1971426498716651
0.12476338214945509,0.085213170623647666
0.33723220082316607,0.29700788512662513
0.35189662428895352,-0.0026334916630566529
0.32954762083436256,0.29653288687000423
0.6282177989156299,0.32474856912126476
