XX,YY
0.55000000000000004,0.0
-0.27499999999999991,0.47631397208144138
-0.27500000000000024,-0.47631397208144116
